{"cameraMode":{"drawMode":0,"name":"Shaded","section":"Shading Mode"},"sceneLighting":true,"audioPlay":false,"sceneViewState":{"showFog":true,"showMaterialUpdate":false,"showSkybox":true,"showFlares":true,"showImageEffects":true,"showParticleSystems":true},"in2DMode":false,"pivot":{"x":-5.163759708404541,"y":0.3401784300804138,"z":7.2509446144104},"rotation":{"x":-0.02762456052005291,"y":-0.14166904985904694,"z":0.003957697656005621,"w":-0.9895268678665161},"size":13.859509468078614,"orthographic":false}