{"cameraMode":{"drawMode":0,"name":"Shaded","section":"Shading Mode"},"sceneLighting":true,"audioPlay":false,"sceneViewState":{"showFog":true,"showMaterialUpdate":false,"showSkybox":true,"showFlares":true,"showImageEffects":true,"showParticleSystems":true},"in2DMode":false,"pivot":{"x":-0.5884485244750977,"y":3.092393398284912,"z":1.7349939346313477},"rotation":{"x":0.13015712797641755,"y":0.39629724621772768,"z":-0.05684979632496834,"w":0.9070905447006226},"size":10.636506080627442,"orthographic":false}